{
  "id": "dc20-spells-by-sirniloc",
  "title": "RAVN Quest: Spells",
  "version": "1.0.0",
  "manifest": "https://github.com/SirNiloc/dc20-spells-by-sirniloc/releases/download/1.0.0/module.json",
  "download": "https://github.com/SirNiloc/dc20-spells-by-sirniloc/releases/download/1.0.0/module.zip",
  "compatibility": {
    "minimum": "12",
    "verified": "13"
  },
  "authors": [
    {
      "name": "SirNiloc",
      "email": "sirniloc@ravn-quest.com",
      "discord": "sirniloc",
      "url": "www.ravn-quest.com",
      "flags": {}
    }
  ],
  "packs": [
    {
      "name": "sirnilocs-spells",
      "label": "RAVN Quest: Spells",
      "path": "packs/sirnilocs-spells",
      "type": "Item",
      "system": "dc20rpg",
      "ownership": {
        "PLAYER": "OBSERVER",
        "ASSISTANT": "OWNER"
      }
    },
    {
      "name": "sirnilocs-spells-actors",
      "label": "RAVN Quest: Spells (Actors)",
      "path": "packs/sirnilocs-spells-actors",
      "type": "Actor",
      "system": "dc20rpg",
      "ownership": {
        "PLAYER": "OBSERVER",
        "ASSISTANT": "OWNER"
      }
    }
  ],
  "relationships": {
    "systems": [
      {
        "id": "dc20rpg",
        "type": "system",
        "compatibility": {}
      }
    ]
  },
  "description": "<p>Adds additional spells for the DC20 game system, is also a dependancy for my ancestry module.</p>",
  "url": "https://github.com/SirNiloc/dc20-spells-by-sirniloc"
}